{
  "rmse": 16.337643510468396,
  "r2": -0.018973922742636873,
  "spearman": 0.4671870079986837
}