{
  "lr": 0.0003603824115240561,
  "weight_decay": 2.9442493502916885e-09,
  "dropout": 0.3851371373367485,
  "batch_size": 16
}