{
  "rmse": 16.3271950019961,
  "r2": -0.017670998833630547,
  "spearman": 0.4912202789443222
}