{
  "rmse": 16.22447469657455,
  "r2": -0.0049062048184822515,
  "spearman": 0.42804994066462665
}