{
  "rmse": 20.300619293077894,
  "r2": -0.5732683735737854,
  "spearman": 0.46115584341635735
}