{
  "lr": 0.00019977882554167927,
  "weight_decay": 1.102955470301081e-07,
  "dropout": 1.2707176359392082e-05,
  "batch_size": 16
}