{
  "rmse": 15.946120532891038,
  "r2": 0.02927922598826993,
  "spearman": 0.5548722303221942
}