{
  "rmse": 15.579763665692333,
  "r2": 0.07337082524093697,
  "spearman": 0.46445104717472613
}