{
  "lambda": 0.0006291983667746282,
  "alpha": 0.0820082035401697,
  "gamma": 1.2243543209914751,
  "max_depth": 3,
  "min_child_weight": 1.7773959178614585,
  "subsample": 0.568291807635477,
  "colsample_bytree": 0.8597778117881122,
  "learning_rate": 0.0512590763008084,
  "num_boost_round": 1728,
  "early_stopping_rounds": 121
}